-- Massa de dados para a tabela MARCA
INSERT INTO MARCA (id, ativa, codigo, nome)
VALUES
    (4, 1, 'M004', 'Marca D'),
    (5, 0, 'M005', 'Marca E'),
    (6, 1, 'M006', 'Marca F'),
    (7, 0, 'M007', 'Marca G'),
    (8, 1, 'M008', 'Marca H'),
    (9, 0, 'M009', 'Marca I'),
    (10, 1, 'M010', 'Marca J'),
    (11, 1, 'M011', 'Marca K'),
    (12, 0, 'M012', 'Marca L'),
    (13, 1, 'M013', 'Marca M'),
    (14, 0, 'M014', 'Marca N'),
    (15, 1, 'M015', 'Marca O'),
    (16, 0, 'M016', 'Marca P'),
    (17, 1, 'M017', 'Marca Q'),
    (18, 0, 'M018', 'Marca R'),
    (19, 1, 'M019', 'Marca S'),
    (20, 0, 'M020', 'Marca T'),
    (21, 1, 'M021', 'Marca U'),
    (22, 1, 'M022', 'Marca V'),
    (23, 0, 'M023', 'Marca W'),
    (24, 1, 'M024', 'Marca X'),
    (25, 0, 'M025', 'Marca Y'),
    (26, 1, 'M026', 'Marca Z'),
    (27, 0, 'M027', 'Marca AA'),
    (28, 1, 'M028', 'Marca AB'),
    (29, 0, 'M029', 'Marca AC'),
    (30, 1, 'M030', 'Marca AD');

-- Massa de dados para a tabela CATEGORIA
INSERT INTO CATEGORIA (id, ativa, codigo, nome)
VALUES
    (4, 1, 'C004', 'Categoria D'),
    (5, 0, 'C005', 'Categoria E'),
    (6, 1, 'C006', 'Categoria F'),
    (7, 0, 'C007', 'Categoria G'),
    (8, 1, 'C008', 'Categoria H'),
    (9, 0, 'C009', 'Categoria I'),
    (10, 1, 'C010', 'Categoria J'),
    (11, 1, 'C011', 'Categoria K'),
    (12, 0, 'C012', 'Categoria L'),
    (13, 1, 'C013', 'Categoria M'),
    (14, 0, 'C014', 'Categoria N'),
    (15, 1, 'C015', 'Categoria O'),
    (16, 0, 'C016', 'Categoria P'),
    (17, 1, 'C017', 'Categoria Q'),
    (18, 0, 'C018', 'Categoria R'),
    (19, 1, 'C019', 'Categoria S'),
    (20, 0, 'C020', 'Categoria T'),
    (21, 1, 'C021', 'Categoria U'),
    (22, 1, 'C022', 'Categoria V'),
    (23, 0, 'C023', 'Categoria W'),
    (24, 1, 'C024', 'Categoria X'),
    (25, 0, 'C025', 'Categoria Y'),
    (26, 1, 'C026', 'Categoria Z'),
    (27, 0, 'C027', 'Categoria AA'),
    (28, 1, 'C028', 'Categoria AB'),
    (29, 0, 'C029', 'Categoria AC'),
    (30, 1, 'C030', 'Categoria AD');

-- Massa de dados para a tabela PRODUTO
INSERT INTO PRODUTO (id, ativo, codigo, descricao, nome, preco, id_marca)
VALUES
    (4, NEXTVAL('produto_seq'), 'P004', 'Descrição do Produto 4', 'Produto 4', 30.25, 4),
    (5, NEXTVAL('produto_seq'), 'P005', 'Descrição do Produto 5', 'Produto 5', 25.99, 5),
    (6, NEXTVAL('produto_seq'), 'P006', 'Descrição do Produto 6', 'Produto 6', 12.50, 6),
    (7, NEXTVAL('produto_seq'), 'P007', 'Descrição do Produto 7', 'Produto 7', 17.75, 7),
    (8, NEXTVAL('produto_seq'), 'P008', 'Descrição do Produto 8', 'Produto 8', 40.00, 8),
    (9, NEXTVAL('produto_seq'), 'P009', 'Descrição do Produto 9', 'Produto 9', 8.99, 9),
    (10, NEXTVAL('produto_seq'), 'P010', 'Descrição do Produto 10', 'Produto 10', 55.50, 10),
    (11, NEXTVAL('produto_seq'), 'P011', 'Descrição do Produto 11', 'Produto 11', 22.75, 11),
    (12, NEXTVAL('produto_seq'), 'P012', 'Descrição do Produto 12', 'Produto 12', 18.99, 12),
    (13, NEXTVAL('produto_seq'), 'P013', 'Descrição do Produto 13', 'Produto 13', 19.99, 13),
    (14, NEXTVAL('produto_seq'), 'P014', 'Descrição do Produto 14', 'Produto 14', 14.50, 14),
    (15, NEXTVAL('produto_seq'), 'P015', 'Descrição do Produto 15', 'Produto 15', 32.00, 15),
    (16, NEXTVAL('produto_seq'), 'P016', 'Descrição do Produto 16', 'Produto 16', 28.75, 16),
    (17, NEXTVAL('produto_seq'), 'P017', 'Descrição do Produto 17', 'Produto 17', 9.99, 17),
    (18, NEXTVAL('produto_seq'), 'P018', 'Descrição do Produto 18', 'Produto 18', 37.50, 18),
    (19, NEXTVAL('produto_seq'), 'P019', 'Descrição do Produto 19', 'Produto 19', 45.00, 19),
    (20, NEXTVAL('produto_seq'), 'P020', 'Descrição do Produto 20', 'Produto 20', 16.75, 20),
    (21, NEXTVAL('produto_seq'), 'P021', 'Descrição do Produto 21', 'Produto 21', 63.99, 21),
    (22, NEXTVAL('produto_seq'), 'P022', 'Descrição do Produto 22', 'Produto 22', 27.50,30);

-- Massa de dados para a tabela PRODUTO_CATEGORIA
INSERT INTO PRODUTO_CATEGORIA (id_produto, id_categoria)
VALUES
    (5, 4),
    (6, 4),
    (7, 5),
    (8, 5),
    (9, 6),
    (10, 6),
    (11, 7),
    (12, 7),
    (13, 8),
    (14, 8),
    (15, 9),
    (16, 9),
    (17, 10),
    (18, 10),
    (19, 11),
    (20, 11),
    (21, 12),
    (22, 12);
